{
  "role": 0.8,
  "both": 2.8,
  "easy": 2.5999999999999996,
  "To keep": 2.5999999999999996,
  "further": 2.8,
  "Tuesday": 2.5999999999999996,
  "foot": 2.8,
  "to sleep": 1.6,
  "eight": 3.8,
  "later": 1,
  "month": 0.8,
  "feeling (physical sensation)": 2.8,
  "which": 1.8,
  "father": 0.6000000000000001,
  "shoulder": 3.8,
  "fact": 3,
  "to walk": 1.6,
  "reason": 2.8,
  "Wednesday": 3.8,
  "far": 1,
  "last": 2.8,
  "then (past)": 0.8,
  "there (location)": 0.8,
  "only": 1.8,
  "money": 2,
  "late": 3,
  "pain": 0.6000000000000001,
  "to learn (not to teach)": 0.8,
  "to feel": 4,
  "some": 2.5999999999999996,
  "to begin": 2.8,
  "laugh": 3.5999999999999996,
  "aunt": 1,
  "conclusion": 1,
  "influence": 1,
  "market": 1,
  "then": 1,
  "give": 1,
  "university": 1
}